Job ID,Job URL,Job Title,Company Name,Status,Timestamp,WP ID
004ed7444b6cec68,https://ie.linkedin.com/jobs/view/customer-delivery-driver-ardkeen-at-tesco-ireland-4435478878,Customer Delivery Driver  -  Ardkeen,Tesco Ireland,posted,2026-07-07T01:46:10.037765,17
9c2ed8dbc71065fa,https://ie.linkedin.com/jobs/view/customer-delivery-driver-permanent-30-35-hours-oranmore-at-tesco-ireland-4436257550,Customer Delivery Driver (Permanent 30 - 35 Hours) - Oranmore,Tesco Ireland,posted,2026-07-07T01:46:22.038496,19
77fa16b2c1fcaaa5,https://ie.linkedin.com/jobs/view/person-in-charge-pic-at-attuned-healthcare-4435240899,Person In Charge (PIC),,scraped,2026-07-07T01:46:24.831947,
045563b3610bd80a,https://ie.linkedin.com/jobs/view/category-buyer-%E2%80%93-services-at-dawn-meats-4436407371,Category Buyer – Services,,scraped,2026-07-07T01:46:32.940526,
7b554b4c6acda583,https://ie.linkedin.com/jobs/view/expression-of-interest-abbvie-at-abbvie-4398748932,Expression of Interest - AbbVie,AbbVie,posted,2026-07-07T01:46:50.302921,21
4eddf66aa3e04361,https://ie.linkedin.com/jobs/view/maintenance-staff-member-kildare-wicklow-at-the-talbot-group-4434628479,Maintenance Staff Member - Kildare & Wicklow,,scraped,2026-07-07T01:46:53.157002,
86c5bcc40c299d74,https://ie.linkedin.com/jobs/view/pharmacy-dispenser-at-boots-ireland-4431728804,Pharmacy Dispenser,,scraped,2026-07-07T01:47:00.700009,
0afd69de534c0c39,https://ie.linkedin.com/jobs/view/cleaner-glant%C3%B3ir-26tippuhc-at-health-service-executive-4432769203,Cleaner Glantóir 26TIPPUHC,,scraped,2026-07-07T01:47:08.766853,
f13c2049fd392193,https://ie.linkedin.com/jobs/view/home-support-resource-officer-older-persons-services-hse-south-west-swpcc99644-at-health-service-executive-4433937213,"Home Support Resource Officer, Older Persons Services, HSE South West SWPCC99644",,scraped,2026-07-07T01:47:15.228770,
bea4f6b785be028c,https://ie.linkedin.com/jobs/view/trimmer-wanted-4433941216,Trimmer Wanted,Limerick Area - Ham/Beef Producing Factory,posted,2026-07-07T01:47:27.572381,23
724d8348f38050d0,https://ie.linkedin.com/jobs/view/expert-estimating-at-exyte-4377692474,Expert Estimating,,scraped,2026-07-07T01:47:30.208081,
a2f7912797ceedef,https://ie.linkedin.com/jobs/view/team-member-at-costa-coffee-ireland-4436009785,Team Member,,scraped,2026-07-07T01:47:38.060432,
c59d1447c9610de0,https://ie.linkedin.com/jobs/view/first-months-are-brutal-what-comes-after-is-worth-every-second-at-access-healthcare-4433889251,First Months Are Brutal. What Comes After Is Worth Every Second.,Access Healthcare,posted,2026-07-07T01:47:54.449097,25
c151d8206e02999a,https://ie.linkedin.com/jobs/view/shift-lead-roi-at-b-q-4436346490,Shift Lead (ROI),,scraped,2026-07-07T01:47:57.456061,
3eb06881837c74da,https://ie.linkedin.com/jobs/view/supervisor-at-nando-s-uk-ire-4417302133,Supervisor,,scraped,2026-07-07T01:48:05.319481,
9b49c992e6cd5b3f,https://ie.linkedin.com/jobs/view/quantity-surveyor-at-alstom-4432797015,Quantity Surveyor,,scraped,2026-07-07T01:48:22.756342,
a550c7b66b90aab0,https://ie.linkedin.com/jobs/view/store-cleaner-greystones-at-aldi-ireland-4436775588,Store Cleaner - Greystones,,scraped,2026-07-07T01:48:29.523829,
150d21b2c687abc3,https://ie.linkedin.com/jobs/view/school-meal-cover-at-the-lunch-bag-4435245889,School Meal Cover,,scraped,2026-07-07T01:48:36.280103,
dd95cbe9816566bc,https://ie.linkedin.com/jobs/view/pharmacy-dispenser-at-boots-ireland-4436769193,Pharmacy Dispenser,,scraped,2026-07-07T01:48:45.154791,
b271acdf890bab99,https://ie.linkedin.com/jobs/view/planner-at-bam-uk-ireland-4369491918,Planner,,scraped,2026-07-07T01:48:52.434186,
a62a4f088b65b889,https://ie.linkedin.com/jobs/view/svp-customer-success-at-jobgether-4436086712,"SVP, Customer Success",,scraped,2026-07-07T01:48:59.725690,
b7b0ea06d369ed7e,https://ie.linkedin.com/jobs/view/chief-operating-officer-at-steering-point-4437197720,Chief Operating Officer,,scraped,2026-07-07T01:49:06.434349,
9aefd09c8c83b042,https://ie.linkedin.com/jobs/view/supply-chain-and-logistics-manager-at-culligan-ireland-4435819198,Supply Chain and Logistics Manager,,scraped,2026-07-07T01:49:13.212723,
c8595ead418c5f3f,https://ie.linkedin.com/jobs/view/healthcare-assistant-at-westcare-homecare-ltd-4434678225,Healthcare Assistant,,scraped,2026-07-07T01:49:19.771759,
a5e615302a7b1816,https://ie.linkedin.com/jobs/view/neuro-physiologist-at-mater-misericordiae-university-hospital-4435299237,Neuro-physiologist,Mater Misericordiae University Hospital,posted,2026-07-07T01:49:48.141892,27
3dc96a99cb209773,https://ie.linkedin.com/jobs/view/healthcare-assistant-at-westcare-homecare-ltd-4434666604,Healthcare Assistant,,scraped,2026-07-07T01:49:50.760859,
34f8338b49b71a36,https://ie.linkedin.com/jobs/view/data-annotator-%2470-hr-remote-at-crossing-hurdles-4436093204,Data Annotator | $70/hr Remote,,scraped,2026-07-07T01:50:17.382762,
41dc42ec75839391,https://ie.linkedin.com/jobs/view/group-head-of-fp-a-at-darwin-hawkins-4435122797,Group Head of FP&A,,scraped,2026-07-07T01:50:28.174633,
dbd6a86c424f0771,https://ie.linkedin.com/jobs/view/staff-nurse-at-beechfield-care-group-4435456239,Staff Nurse,,scraped,2026-07-07T01:50:36.904980,
c5a4f8bac599fcb2,https://ie.linkedin.com/jobs/view/healthcare-assistant-at-westcare-homecare-ltd-4434659867,Healthcare Assistant,,scraped,2026-07-07T01:50:45.439440,
5a7986677f44a408,https://ie.linkedin.com/jobs/view/junior-graphic-designer-at-ucc-academy-4436488625,Junior Graphic Designer,,scraped,2026-07-07T01:51:04.110583,
b37b930e1c3f7348,https://ie.linkedin.com/jobs/view/healthcare-assistant-at-westcare-homecare-ltd-4434680024,Healthcare Assistant,,scraped,2026-07-07T01:51:12.140339,
42c32ad78af0f090,https://ie.linkedin.com/jobs/view/director-regional-supply-chain-%E2%80%93-europe-at-biomarin-pharmaceutical-inc-4434986558,"Director, Regional Supply Chain – Europe",,scraped,2026-07-07T01:51:36.300124,
04bbb4acea63b3ec,https://ie.linkedin.com/jobs/view/talent-acquisition-partner-at-jobgether-4434194781,Talent Acquisition Partner,,scraped,2026-07-07T01:52:27.264690,
fe1228cac08b08da,https://ie.linkedin.com/jobs/view/home-care-assistant-%E2%80%93-morning-shifts-north-kerry-at-whc-services-4435439827,Home Care Assistant – Morning Shifts (North Kerry),WHC Services,posted,2026-07-07T01:52:43.193568,29
975af00a7869f10a,https://ie.linkedin.com/jobs/view/marketing-generalist-at-newcode-ai-4437183664,Marketing Generalist,,scraped,2026-07-07T01:52:46.267324,
4d921fad00f8bc58,https://ie.linkedin.com/jobs/view/project-manager-%E2%80%93-supply-chain-transformation-at-sterling-engineering-ltd-ireland-europe-4435136388,Project Manager – Supply Chain Transformation,,scraped,2026-07-07T01:53:08.385463,
78601c31b3f55198,https://ie.linkedin.com/jobs/view/logistics-coordinator-at-sigmar-recruitment-4436350243,Logistics Coordinator,,scraped,2026-07-07T01:53:15.898510,
f611aaab7691528d,https://ie.linkedin.com/jobs/view/cleaner-at-mitie-4434607491,Cleaner,,scraped,2026-07-07T01:53:23.173360,
b230c8c448a4a055,https://ie.linkedin.com/jobs/view/chief-information-officer-at-trust-in-soda-4434356024,Chief Information Officer,,scraped,2026-07-07T01:53:30.418684,
02e5bd94836a8008,https://ie.linkedin.com/jobs/view/hotel-receptionist-monday-friday-at-the-montenotte-4435415635,Hotel Receptionist (Monday-Friday),The Montenotte,posted,2026-07-07T01:53:47.411235,31
ddec4ad787198e3a,https://ie.linkedin.com/jobs/view/head-of-health-promotion-information-training-at-irish-heart-foundation-4432399255,"Head of Health Promotion, Information & Training",,scraped,2026-07-07T01:53:50.207173,
b3812b308e8a5fc2,https://ie.linkedin.com/jobs/view/healthcare-assistant-at-westcare-homecare-ltd-4436211135,Healthcare Assistant,,scraped,2026-07-07T01:53:59.945259,
506269b086782f4f,https://ie.linkedin.com/jobs/view/critical-reviewer-fully-remote-upto-%2470-hr-at-mercor-4425986504,Critical Reviewer - Fully Remote | Upto $70/hr,,scraped,2026-07-07T01:54:16.607149,
bd978a320dad1c59,https://ie.linkedin.com/jobs/view/motion-video-designer-at-jobgether-4434625178,Motion & Video Designer,,scraped,2026-07-07T01:54:42.654235,
d1ea13694811bc25,https://ie.linkedin.com/jobs/view/production-operative-at-nua-manufacturing-4436309064,Production Operative,,scraped,2026-07-07T01:54:49.012621,
ecf9f4baccbca748,https://ie.linkedin.com/jobs/view/customer-experience-manager-at-jobgether-4436063989,Customer Experience Manager,,scraped,2026-07-07T01:55:08.690904,
df48c5ddf52fd9aa,https://ie.linkedin.com/jobs/view/it-technical-support-at-initialize-4433798837,IT Technical Support,,scraped,2026-07-07T01:55:15.339939,
906b5f4c823380c8,https://ie.linkedin.com/jobs/view/physiotherapist-staff-grade-at-irish-society-of-chartered-physiotherapists-4434938331,Physiotherapist - Staff Grade,,scraped,2026-07-07T01:55:22.131631,
33493dfd395b7ad5,https://ie.linkedin.com/jobs/view/design-coordinator-at-john-paul-construction-4432347338,Design Coordinator,,scraped,2026-07-07T01:55:30.268325,
149adec802936a69,https://ie.linkedin.com/jobs/view/general-practitioner-gp-at-myn-4427963002,General Practitioner GP,,scraped,2026-07-07T01:55:37.890445,
719ba85f82de9248,https://ie.linkedin.com/jobs/view/document-controller-ire-uk-at-statkraft-4435242162,Document Controller IRE & UK,,scraped,2026-07-07T01:55:45.067399,
58b505dc3972c8b7,https://ie.linkedin.com/jobs/view/senior-estimator-at-rockwell-4435523398,Senior Estimator,,scraped,2026-07-07T01:55:52.026515,
903cd92d8501fb29,https://ie.linkedin.com/jobs/view/operations-administrator-at-cfm-catering-limited-4437158973,Operations Administrator,CFM CATERING LIMITED,posted,2026-07-07T01:56:26.125759,33
a652d6c48b29dd70,https://ie.linkedin.com/jobs/view/maintenance-manager-at-kinisla-4436314190,Maintenance Manager,,scraped,2026-07-07T01:56:29.003752,
4c1101dd8be64189,https://ie.linkedin.com/jobs/view/night-shift-hygiene-operative-at-sofina-foods-europe-4435577616,Night Shift Hygiene Operative,,scraped,2026-07-07T01:56:38.316822,
a4d741424274dd46,https://ie.linkedin.com/jobs/view/experienced-kitchen-porters-at-sheraton-athlone-hotel-4435209521,Experienced Kitchen Porters,Sheraton Athlone Hotel,posted,2026-07-07T01:56:57.001783,35
bee3eac97e292f26,https://ie.linkedin.com/jobs/view/recruitment-consultant-at-nexus-recruitment-partners-4421965103,Recruitment Consultant,,scraped,2026-07-07T01:56:59.932226,
7d9b848ad77c22d7,https://ie.linkedin.com/jobs/view/airside-facilities-and-fod-team-member-at-daa-4426408577,Airside Facilities and FOD Team Member,,scraped,2026-07-07T01:57:11.971627,
d2e01f32ac5bfa01,https://ie.linkedin.com/jobs/view/panel-beater-%E2%82%AC2-000-sign-on-bonus-eligibility-to-work-in-ireland-required-at-national-vehicle-distribution-4425259688,"Panel Beater - €2,000 SIGN ON BONUS - (**Eligibility to work in Ireland required**)",,scraped,2026-07-07T01:57:20.721349,
3860298341fd3348,https://ie.linkedin.com/jobs/view/business-leader-at-business-mentorship-group-4432710766,Business Leader,Business Mentorship Group,posted,2026-07-07T01:57:51.348894,37
04a57ba38ca74a16,https://ie.linkedin.com/jobs/view/pharmaceutical-technician-teicneoir-c%C3%B3gais%C3%ADochta-staff-grade-galway-university-hospitals-roscommon-university-hospital-at-hse-west-north-west-4434398889,"Pharmaceutical Technician (Teicneoir Cógaisíochta), Staff Grade, Galway University Hospitals & Roscommon University Hospital",,scraped,2026-07-07T01:57:54.325224,
749990a2ad4ad202,https://ie.linkedin.com/jobs/view/person-in-charge-tralee-at-cpl-healthcare-4418000085,Person in Charge - Tralee,,scraped,2026-07-07T01:58:01.423853,
6bd1ff7d3a7bddcb,https://ie.linkedin.com/jobs/view/graduate-management-trainee-drogheda-at-enterprise-4426708680,Graduate Management Trainee - Drogheda,Enterprise,posted,2026-07-07T01:58:34.707832,39
9c38298e24d4bcee,https://ie.linkedin.com/jobs/view/heathcare-assistant-at-westcare-homecare-ltd-4434682004,Heathcare Assistant,,scraped,2026-07-07T01:58:37.170734,
501ff103ffb6ac35,https://ie.linkedin.com/jobs/view/night-porter-full-time-at-the-maritime-hotel-4434618243,Night Porter (Full Time),,scraped,2026-07-07T01:59:16.494400,
49ff4e4e3237c64a,https://ie.linkedin.com/jobs/view/housekeeping-team-member-at-staycity-group-4435250754,Housekeeping Team Member,,scraped,2026-07-07T01:59:23.073970,
cdb5a504b01b56db,https://ie.linkedin.com/jobs/view/healthcare-assistant-at-westcare-homecare-ltd-4434662775,Healthcare Assistant,,scraped,2026-07-07T01:59:30.322681,
bba8b9e2291b9790,https://ie.linkedin.com/jobs/view/staunton-gambit-at-chessiverse-ab-4436434233,Staunton Gambit,,scraped,2026-07-07T01:59:45.914023,
deedde9bd21dde42,https://ie.linkedin.com/jobs/view/graduate-gis-technician-ref-2620-at-fingleton-white-4436769532,Graduate GIS Technician REF: 2620,,scraped,2026-07-07T01:59:52.637588,
4143def9679055e3,https://ie.linkedin.com/jobs/view/regional-strategy-and-operations-lead-revenue-strategy-and-operations-english-at-google-4435443194,"Regional Strategy and Operations Lead, Revenue Strategy and Operations (English)",,scraped,2026-07-07T02:00:00.994780,
ea4adcc7fc21cdee,https://ie.linkedin.com/jobs/view/investment-analyst-family-office-at-fk-international-financial-search-and-selection-4436358806,Investment Analyst - Family Office,,scraped,2026-07-07T02:00:28.529235,
bd0ed24b0c3faf30,https://ie.linkedin.com/jobs/view/chief-product-technology-officer-cpto-at-hadfield-green-4435541138,Chief Product & Technology Officer (CPTO),,scraped,2026-07-07T02:00:36.773427,
9b6c212709e2a363,https://ie.linkedin.com/jobs/view/healthcare-assistant-at-connected-health-group-limited-4432331644,Healthcare Assistant,,scraped,2026-07-07T02:00:47.256937,
e6cfe1399aa79de4,https://ie.linkedin.com/jobs/view/planner-scheduler-construction-main-contractor-in-cork-at-hays-4431589722,Planner / Scheduler (Construction) - Main Contractor in Cork,,scraped,2026-07-07T02:00:56.486940,
d762dca2e2dbcc4a,https://ie.linkedin.com/jobs/view/operations-manager-at-culligan-ireland-4431597850,Operations Manager,,scraped,2026-07-07T02:01:03.225969,
4972283efaa68fb8,https://ie.linkedin.com/jobs/view/eor-business-operations-manager-at-jobgether-4435446515,EOR Business Operations Manager,,scraped,2026-07-07T02:01:09.926583,
205c4ab0226d7e16,https://ie.linkedin.com/jobs/view/head-of-retail-international-growth-large-customer-sales-emea-at-google-4435239089,"Head of Retail, International Growth, Large Customer Sales, EMEA",,scraped,2026-07-07T02:01:16.379571,
6c11a21976d71826,https://ie.linkedin.com/jobs/view/digital-marketing-manager-at-jobgether-4435741395,Digital Marketing Manager,,scraped,2026-07-07T02:01:24.097666,
92119119b3adc642,https://ie.linkedin.com/jobs/view/planner-at-bam-uk-ireland-4368830852,Planner,,scraped,2026-07-07T02:01:30.502045,
e7756392e05586fb,https://ie.linkedin.com/jobs/view/deli-team-member-at-applegreen-4435439820,Deli Team Member,,scraped,2026-07-07T02:01:37.429664,
8f2f65769976af49,https://ie.linkedin.com/jobs/view/i-almost-quit-weeks-into-recruitment-now-i%E2%80%99m-managing-my-own-team-at-access-healthcare-4436377548,I Almost Quit Weeks Into Recruitment | Now I’m Managing My Own Team,Access Healthcare,posted,2026-07-07T02:01:55.054962,41
6ce5b9f1e3716c90,https://ie.linkedin.com/jobs/view/social-care-assistant-full-time-and-part-time-at-camphill-communities-of-ireland-4435470782,Social Care Assistant Full time and Part time,,scraped,2026-07-07T02:01:57.572058,
da7cef247b464df3,https://ie.linkedin.com/jobs/view/town-planner-environmental-at-stantec-4426927270,Town Planner - Environmental,,scraped,2026-07-07T02:02:10.441838,
affc6f0c9374559a,https://ie.linkedin.com/jobs/view/regional-disability-lead-nrs15485-at-health-service-executive-4432758881,Regional Disability Lead NRS15485,,scraped,2026-07-07T02:02:17.199337,
a9d5ccba4dd2c3b4,https://ie.linkedin.com/jobs/view/career-change-opportunity-%E2%80%93-become-a-recruitment-consultant-at-access-healthcare-4436767024,Career Change Opportunity – Become a Recruitment Consultant,Access Healthcare,posted,2026-07-07T02:02:32.967625,43
eed09ed1fd07a74f,https://ie.linkedin.com/jobs/view/customer-delivery-driver-finglas-clearwater-at-tesco-ireland-4436078785,Customer Delivery Driver  - Finglas Clearwater,Tesco Ireland,posted,2026-07-07T02:02:45.319922,45
e1fff6874388f190,https://ie.linkedin.com/jobs/view/team-leader-at-costa-coffee-ireland-4435459091,Team Leader,,scraped,2026-07-07T02:02:48.014899,
a4e7a1a46a717a48,https://ie.linkedin.com/jobs/view/social-care-worker-disability-services-100071-at-health-service-executive-4432796522,Social Care Worker Disability Services 100071,,scraped,2026-07-07T02:02:54.718233,
1c125404313d0b36,https://ie.linkedin.com/jobs/view/corporate-credit-associate-at-mason-alexander-4435168665,Corporate Credit Associate,,scraped,2026-07-07T02:03:01.105695,
7387e72dfe0a21a5,https://ie.linkedin.com/jobs/view/human-resources-officer-at-morgan-mckinley-4432784810,Human Resources Officer,Morgan McKinley,posted,2026-07-07T02:03:17.139558,47
7c4127fb55991858,https://ie.linkedin.com/jobs/view/project-manager-at-pe-global-4436758052,Project Manager,,scraped,2026-07-07T02:03:19.899727,
8cc3d345ee32aad6,https://ie.linkedin.com/jobs/view/head-of-sport-pr-comms-marketing-at-connexus-recruit-4436761376,"Head of Sport (PR, Comms, Marketing)",,scraped,2026-07-07T02:03:27.774493,
7e816831b708e3f2,https://ie.linkedin.com/jobs/view/english-writing-generalist-at-alignerr-4434915640,English Writing Generalist,Alignerr,posted,2026-07-07T02:03:42.099755,49
ebeef13086f4b90e,https://ie.linkedin.com/jobs/view/wildlife-and-habitat-conservation-scientist-at-alignerr-4436446844,Wildlife and Habitat Conservation Scientist,,scraped,2026-07-07T02:03:44.802976,
7bdea86dda75c7fc,https://ie.linkedin.com/jobs/view/it-support-analyst-at-fruition-group-ireland-4436072829,IT Support Analyst,,scraped,2026-07-07T02:03:57.286673,
3cafb60decc66396,https://ie.linkedin.com/jobs/view/software-engineer-at-microsoft-4435102610,Software Engineer,Microsoft,posted,2026-07-07T02:04:31.758761,51
62e3a0c4c019dbb1,https://ie.linkedin.com/jobs/view/customer-success-manager-smb-at-jobgether-4436091513,"Customer Success Manager, SMB",,scraped,2026-07-07T02:04:34.493640,
d1c646af4b8d0279,https://ie.linkedin.com/jobs/view/healthcare-assistant-at-connected-health-group-limited-4434607488,Healthcare Assistant,Connected Health Group Limited,posted,2026-07-07T02:04:53.674525,53
8f1800c67cc363d0,https://ie.linkedin.com/jobs/view/junior-electrical-engineer-at-johnson-controls-ireland-hvac-4435783774,Junior Electrical Engineer,,scraped,2026-07-07T02:04:56.327992,
a9d81426e9488600,https://ie.linkedin.com/jobs/view/legal-pa-personal-assistant-at-amicus-search-recruitment-4437147896,Legal PA/Personal Assistant,,scraped,2026-07-07T02:05:02.973565,
01421d144899bfcb,https://ie.linkedin.com/jobs/view/scrum-master-at-fruition-group-ireland-4435458626,Scrum Master,,scraped,2026-07-07T02:05:10.741094,
c6a3f78e12677283,https://ie.linkedin.com/jobs/view/investment-analyst-at-camden-recruitment-partners-4436930933,Investment Analyst,,scraped,2026-07-07T02:06:21.619533,
5011adf671ac9712,https://ie.linkedin.com/jobs/view/healthcare-assistant-walker-at-connected-health-group-limited-4434604671,Healthcare Assistant - WALKER,,scraped,2026-07-07T02:06:31.421174,
e81c66db20c49e23,https://ie.linkedin.com/jobs/view/business-development-representative-saas-%E2%82%AC100k-ote-at-ingenio-global-4436755739,Business Development Representative (SaaS) | €100K OTE,,scraped,2026-07-07T02:06:40.709473,
e5de94e2fda0392d,https://ie.linkedin.com/jobs/view/scrum-master-at-fruition-group-ireland-4436070894,Scrum Master,,scraped,2026-07-07T02:06:48.131853,
fe510e2f665b9a8a,https://ie.linkedin.com/jobs/view/chief-technology-officer-at-yourprime-4433161255,Chief Technology Officer,,scraped,2026-07-07T02:06:55.525687,
ea920bb2cf53e389,https://ie.linkedin.com/jobs/view/brand-manager-luxury-goods-at-laura-naidoo-recruitment-4436756892,Brand Manager - Luxury Goods,Laura Naidoo Recruitment,posted,2026-07-07T02:07:13.267837,55
cbd69b1fa04105af,https://ie.linkedin.com/jobs/view/financial-accountant-%E2%82%AC75k-85k-at-empleo-4431906790,"Financial Accountant, €75k-85k",,scraped,2026-07-07T02:07:16.213209,
e405344095044817,https://ie.linkedin.com/jobs/view/assistant-brand-manager-club-local-brands-at-carlsberg-britvic-4435175869,Assistant Brand Manager Club & Local brands,,scraped,2026-07-07T02:07:22.967929,
ff2b6a4a2de69321,https://ie.linkedin.com/jobs/view/machine-learning-engineer-at-docusign-4377628100,Machine Learning Engineer,,scraped,2026-07-07T02:07:36.494481,
93dc93d2e9e11939,https://ie.linkedin.com/jobs/view/customer-support-specialist-emea-at-mercury-4413634438,Customer Support Specialist - EMEA,,scraped,2026-07-07T02:07:55.374781,
27ee6368940ec9ac,https://ie.linkedin.com/jobs/view/kitchen-team-member-at-sprout-co-4434681069,KITCHEN TEAM MEMBER,,scraped,2026-07-07T02:08:02.427542,
28cf2ef30ba8f951,https://ie.linkedin.com/jobs/view/support-worker-at-corlann-4435458116,Support Worker,,scraped,2026-07-07T02:08:10.021000,
8183acb0a6e927ac,https://ie.linkedin.com/jobs/view/receptionist-part-time-at-the-maritime-hotel-4434626058,Receptionist (Part Time),,scraped,2026-07-07T02:08:17.029467,
8b8ac35f2b9b2a06,https://ie.linkedin.com/jobs/view/qc-analyst-at-sgs-4432362171,QC Analyst,,scraped,2026-07-07T02:08:24.173029,
a9d1470c60f6ff9a,https://ie.linkedin.com/jobs/view/guest-relations-assistant-at-ballyfin-demesne-4434325032,Guest Relations Assistant,,scraped,2026-07-07T02:08:31.154595,
d9fa87458c1aceb7,https://ie.linkedin.com/jobs/view/senior-acquisition-manager-at-jobgether-4436225395,Senior Acquisition Manager,,scraped,2026-07-07T02:08:38.379796,
1fda1985830e9814,https://ie.linkedin.com/jobs/view/human-resources-business-partner-at-re-work-4436761590,Human Resources Business Partner,,scraped,2026-07-07T02:08:45.028397,
e8f647819e9b547e,https://ie.linkedin.com/jobs/view/site-technician-at-spx-cooling-tech-llc-4402019274,Site Technician,,scraped,2026-07-07T02:08:52.338528,
d09a105ec8b680ab,https://ie.linkedin.com/jobs/view/assistant-manager-at-centra-4435254595,Assistant Manager,,scraped,2026-07-07T02:10:09.644141,
2b726cb604177d16,https://ie.linkedin.com/jobs/view/design-coordinator-at-bam-uk-ireland-4417390802,Design Coordinator,,scraped,2026-07-07T02:10:17.085915,
68d16f3a5203388e,https://ie.linkedin.com/jobs/view/production-operator-at-vertiv-4434612825,Production Operator,,scraped,2026-07-07T02:10:23.953398,
012c2a24c4ce5e1c,https://ie.linkedin.com/jobs/view/team-manager-at-primark-4436380741,TEAM MANAGER,,scraped,2026-07-07T02:10:57.529401,
8c439938215db2f6,https://ie.linkedin.com/jobs/view/grade-vii-regional-emergency-management-officer-nrs15455-at-health-service-executive-4432773114,"Grade VII, Regional Emergency Management Officer NRS15455",,scraped,2026-07-07T02:11:04.512869,
dee493b1fec2f034,https://ie.linkedin.com/jobs/view/modern-benoni-1-d4-nf6-2-c4-bg4-at-chessiverse-ab-4436433337,Modern Benoni: 1.d4 Nf6 2.c4......... Bg4,,scraped,2026-07-07T02:11:12.104174,
5dacffd3728e020f,https://ie.linkedin.com/jobs/view/nimzo-indian-defence-1-d4-nf6-2-c4-d5-at-chessiverse-ab-4436999254,Nimzo-Indian Defence: 1.d4 Nf6 2.c4......... d5,,scraped,2026-07-07T02:11:18.316537,
e4fd7daf5f114df8,https://ie.linkedin.com/jobs/view/business-development-manager-at-tegan-innovations-ltd-4432768502,Business Development Manager,,scraped,2026-07-07T02:11:24.293631,
ce001640add78736,https://ie.linkedin.com/jobs/view/mobile-service-technician-dublin-ie-at-tesla-4436909130,Mobile Service Technician - Dublin IE,Tesla,posted,2026-07-07T02:11:45.284844,57
73ee397eab2cb224,https://ie.linkedin.com/jobs/view/graduate-engineer-at-johnson-johnson-4435055192,Graduate Engineer,,scraped,2026-07-07T02:11:47.917248,
b5fedd601649c1e5,https://ie.linkedin.com/jobs/view/lean-leader-united-kingdom-and-ireland-at-pacific-international-executive-search-4433972442,"Lean Leader, United Kingdom and Ireland",,scraped,2026-07-07T02:12:06.212748,
81939f70a7cf73f4,https://ie.linkedin.com/jobs/view/household-assistant-at-the-national-maternity-hospital-4434316200,Household Assistant,,scraped,2026-07-07T02:12:13.678881,
0120a96f1094686b,https://ie.linkedin.com/jobs/view/quality-assurance-manager-at-summit-therapeutics-inc-4431988139,Quality Assurance Manager,,scraped,2026-07-07T02:13:25.741714,
8232465d2cb0afff,https://ie.linkedin.com/jobs/view/financial-analyst-at-brightwater-recruitment-4437408422,Financial Analyst,,scraped,2026-07-07T02:13:33.639983,
39ffc060a2ab6fe3,https://ie.linkedin.com/jobs/view/quality-assurance-specialist-at-efor-4435227324,Quality Assurance Specialist,,scraped,2026-07-07T02:13:51.042794,
e75e194163a60d76,https://ie.linkedin.com/jobs/view/director-forma-industry-strategy-at-jobgether-4435061151,"Director, Forma Industry Strategy",,scraped,2026-07-07T02:13:59.129685,
899ceae76eff4b6c,https://ie.linkedin.com/jobs/view/healthcare-assistants-kells-at-bluebird-care-dublin-west-meath-4434315301,Healthcare Assistants - Kells,,scraped,2026-07-07T02:14:05.594990,
52aad72847d65422,https://ie.linkedin.com/jobs/view/head-of-group-financial-planning-analysis-at-the-panel-4435824800,Head of Group Financial Planning & Analysis,,scraped,2026-07-07T02:14:13.174195,
195781635de9cd2a,https://ie.linkedin.com/jobs/view/store-manager-at-zachary-daniels-4435214040,Store Manager,,scraped,2026-07-07T02:14:23.013786,
a57a88d1cbf5dba3,https://ie.linkedin.com/jobs/view/store-manager-cork-area-40-hours-at-rituals-uk-ireland-b-corp%E2%84%A2-4428138260,Store Manager - Cork Area (40 hours),,scraped,2026-07-07T02:14:33.731724,
f0d5f1b5503fb096,https://ie.linkedin.com/jobs/view/health-and-safety-offcier-blessington-at-cairn-4422901714,Health and Safety Offcier - Blessington,Cairn,posted,2026-07-07T02:14:52.722888,59
ed96dbc703533465,https://ie.linkedin.com/jobs/view/kitchen-porter-at-compass-group-ireland-4427016911,Kitchen Porter,,scraped,2026-07-07T02:14:55.611590,
3b709bec16e163ba,https://ie.linkedin.com/jobs/view/fire-safety-consultant-at-socotec-uk-ireland-4395981690,Fire Safety Consultant,SOCOTEC UK & Ireland,posted,2026-07-07T02:15:13.494809,61
f1a190bcbb21cef6,https://ie.linkedin.com/jobs/view/social-care-assistant-residential-services-ballina-co-mayo-at-western-care-association-4436208256,"Social Care Assistant, Residential Services, Ballina, Co. Mayo",,scraped,2026-07-07T02:15:16.197411,
7af037d66b0c3baa,https://ie.linkedin.com/jobs/view/healthcare-assistant-at-iniscare-4433194056,Healthcare Assistant,InisCare,posted,2026-07-07T02:15:40.316966,53
913ca130b4311f57,https://ie.linkedin.com/jobs/view/m-e-quantity-surveyor-at-celtic-recruitment-4435573324,M&E Quantity Surveyor,,scraped,2026-07-07T02:15:43.061859,
79b2da8f9b92f32f,https://ie.linkedin.com/jobs/view/supervisor-at-frasers-group-4437155985,Supervisor,,scraped,2026-07-07T02:15:49.993170,
cfa949c6c1f2086f,https://ie.linkedin.com/jobs/view/recruitment-consultant-career-changers-welcome-at-access-healthcare-4437150599,Recruitment Consultant : Career Changers Welcome,Access Healthcare,posted,2026-07-07T02:16:06.181299,63
ca15fdda465ef041,https://ie.linkedin.com/jobs/view/media-research-executive-6-month-contract-at-mediahq-4432396740,Media Research Executive (6 Month Contract),,scraped,2026-07-07T02:16:08.973506,
61062475cf5c0751,https://ie.linkedin.com/jobs/view/machine-learning-engineer-at-docusign-4377630028,Machine Learning Engineer,,scraped,2026-07-07T02:16:15.912262,
dc8b90d49cfdbcdc,https://ie.linkedin.com/jobs/view/physiotherapist-basic-grade-at-mater-private-network-4434638238,Physiotherapist - basic grade,,scraped,2026-07-07T02:16:58.613824,
e36156a7d00c8371,https://ie.linkedin.com/jobs/view/staff-nurse-rehabilitation-unit-st-josephs-at-beaumont-hospital-4435164817,"Staff Nurse Rehabilitation Unit, St Josephs",,scraped,2026-07-07T02:18:09.614120,
951c20335df3966e,https://ie.linkedin.com/jobs/view/equity-research-analyst-at-susquehanna-international-group-4406722222,Equity Research Analyst,,scraped,2026-07-07T02:19:20.155909,
29e5bff464a7afe1,https://ie.linkedin.com/jobs/view/staff-nurse-at-anh-healthcare-ailesbury-and-ashbury-nursing-homes-4436010131,Staff Nurse,ANH Healthcare (Ailesbury and Ashbury Nursing Homes),posted,2026-07-07T02:20:43.584829,65
ad44fc8432400b6c,https://ie.linkedin.com/jobs/view/supply-chain-transformation-project-manager-at-qcs-staffing-4433118610,Supply Chain Transformation Project Manager,,scraped,2026-07-07T02:20:46.239371,
91df2cc1fbdf83ee,https://ie.linkedin.com/jobs/view/director-of-marketing-at-the-doyle-collection-4433103540,Director of Marketing,,scraped,2026-07-07T02:20:53.206699,
435a23ec659163e9,https://ie.linkedin.com/jobs/view/tiktok-shop-specialist-at-jobgether-4436203998,TikTok Shop Specialist,,scraped,2026-07-07T02:21:00.787754,
71eb8458f5f278d9,https://ie.linkedin.com/jobs/view/bookkeeper-at-culra-tech-4431916675,Bookkeeper,,scraped,2026-07-07T02:22:10.923098,
2a13c10e371f72d1,https://ie.linkedin.com/jobs/view/mechanical-estimator-navan-co-meath-at-glanua-4328683226,"Mechanical Estimator (Navan, Co Meath)",,scraped,2026-07-07T02:22:17.382742,
296934ade20b65c5,https://ie.linkedin.com/jobs/view/housekeeping-head-housekeeper-at-whitbread-4437410688,Housekeeping - Head Housekeeper,Whitbread,posted,2026-07-07T02:23:11.172603,67
8d6f96929e86dec4,https://ie.linkedin.com/jobs/view/general-practitioner-at-myn-4436348242,General Practitioner,,scraped,2026-07-07T02:23:13.896237,
7ed5cef1d7f5c3a8,https://ie.linkedin.com/jobs/view/loss-prevention-officer-blanchardstown-at-next-4423679213,Loss Prevention Officer- Blanchardstown,,scraped,2026-07-07T02:23:21.387145,
1f7de7fbddba8c67,https://ie.linkedin.com/jobs/view/mep-estimator-at-allsite-staffing-4436206411,MEP Estimator,,scraped,2026-07-07T02:23:28.527939,
cee89547df0a3e6c,https://ie.linkedin.com/jobs/view/spray-painter-at-cental-4436304807,Spray Painter,,scraped,2026-07-07T02:23:36.719438,
7dd534b07c184cb4,https://ie.linkedin.com/jobs/view/mps-maintenance-planner-scheduler-at-controlled-environments-company-cec-4416690920,"MPS (Maintenance, Planner, Scheduler)",,scraped,2026-07-07T02:24:57.733048,
d2fd0fd39d039774,https://ie.linkedin.com/jobs/view/social-care-worker-at-attuned-healthcare-4437121562,Social Care Worker,,scraped,2026-07-07T02:25:05.320948,
28b7d275a6b8dd81,https://ie.linkedin.com/jobs/view/territory-manager-in-training-generalist-at-ecolab-4417738897,Territory Manager in Training (Generalist),Ecolab,posted,2026-07-07T02:25:53.784914,69
344834b761337b72,https://ie.linkedin.com/jobs/view/purchasing-customer-service-specialist-at-sigmar-recruitment-4436747546,Purchasing & Customer Service Specialist,,scraped,2026-07-07T02:25:56.362625,
9c443a0a807f01f5,https://ie.linkedin.com/jobs/view/full-time-warehouse-operative-paul-byron-shoes-at-paul-byron-4434340787,Full Time Warehouse Operative - Paul Byron Shoes,,scraped,2026-07-07T02:26:04.317084,
8c38311a8b777611,https://ie.linkedin.com/jobs/view/bistro-manager-at-talbot-hotel-clonmel-4434317276,Bistro Manager,Talbot Hotel Clonmel,posted,2026-07-07T02:26:23.682131,71
2ae609b049d8fa51,https://ie.linkedin.com/jobs/view/cleaner-at-mitie-4435477506,Cleaner,,scraped,2026-07-07T02:26:26.616617,
6f4bc4202ecd4eb4,https://ie.linkedin.com/jobs/view/window-cleaning-operative-at-thecleaningcompany-ie-4432757783,Window Cleaning Operative,,scraped,2026-07-07T02:26:33.600575,
ba9efb3922b3a5bf,https://ie.linkedin.com/jobs/view/packing-operator-night-shift-at-abbvie-4395972098,Packing Operator (Night Shift),AbbVie,posted,2026-07-07T02:26:48.863659,73
d24f69b583adaa23,https://ie.linkedin.com/jobs/view/broker-in-training-at-brown-brown-uk-4437405293,Broker-In-Training,,scraped,2026-07-07T02:26:51.813657,
2952727323953f99,https://ie.linkedin.com/jobs/view/mechanical-estimator-at-first-point-group-4433965814,Mechanical Estimator,,scraped,2026-07-07T02:28:02.569376,
c2a3e0cb75c916cc,https://ie.linkedin.com/jobs/view/stock-assistant-greystones-at-aldi-ireland-4433845397,Stock Assistant - Greystones,,scraped,2026-07-07T02:28:10.071981,
e15fd176091993b4,https://ie.linkedin.com/jobs/view/production-operative-at-catalyx-4433104986,Production Operative,,scraped,2026-07-07T02:28:16.775974,
55538a2c73e5ed26,https://ie.linkedin.com/jobs/view/relief-pharmacist-at-uniphar-group-4435858243,Relief Pharmacist,,scraped,2026-07-07T02:29:27.949515,
1f848e2127aa7e1c,https://ie.linkedin.com/jobs/view/nimzo-indian-defence-1-d4-nf6-2-c4-4-nf3-at-chessiverse-ab-4436431445,Nimzo-Indian Defence: 1.d4 Nf6 2.c4......... 4.Nf3,,scraped,2026-07-07T02:29:35.534040,
c47e2a1b78cbdc6b,https://ie.linkedin.com/jobs/view/nimzo-indian-defence-1-d4-nf6-2-c4-7-cxd5-at-chessiverse-ab-4437104029,Nimzo-Indian Defence: 1.d4 Nf6 2.c4......... 7.cxd5,,scraped,2026-07-07T02:29:41.654067,
9038c11907ef53e5,https://ie.linkedin.com/jobs/view/deli-manager-at-applegreen-4435718231,Deli Manager,,scraped,2026-07-07T02:29:48.129473,
a10cc8a2c5e5296b,https://ie.linkedin.com/jobs/view/healthcare-assistant-at-connected-health-group-limited-4432324788,Healthcare Assistant,,scraped,2026-07-07T02:29:54.394040,
5da07807066a937e,https://ie.linkedin.com/jobs/view/healthcare-assistant-at-westcare-homecare-ltd-4435443854,Healthcare Assistant,Westcare Homecare Ltd,posted,2026-07-07T02:30:05.218065,53
863e3a5440394040,https://ie.linkedin.com/jobs/view/grade-vii-business-support-nrs15446-at-health-service-executive-4432773112,"Grade VII, Business Support NRS15446",,scraped,2026-07-07T02:30:08.271085,
56fd10fc4fc8c900,https://ie.linkedin.com/jobs/view/healthcare-assistant-at-westcare-homecare-ltd-4434669609,Healthcare Assistant,,scraped,2026-07-07T02:30:15.387157,
e66611276387ae46,https://ie.linkedin.com/jobs/view/healthcare-assistant-at-connected-health-group-limited-4432336538,Healthcare Assistant,,scraped,2026-07-07T02:31:26.676693,
9cdc808a5fe02a94,https://ie.linkedin.com/jobs/view/indian-game-2-nf3-systems-at-chessiverse-ab-4436423675,Indian Game: 2.Nf3 Systems,,scraped,2026-07-07T02:32:38.270779,
5f2af4bfa5fa0650,https://ie.linkedin.com/jobs/view/barista-at-costa-coffee-ireland-4434381575,Barista,,scraped,2026-07-07T02:32:44.319556,
f25d0e2958acdd7f,https://ie.linkedin.com/jobs/view/legal-pa-at-recruiters-4433951035,Legal PA,,scraped,2026-07-07T02:32:51.148045,
056502d0e21c8d8a,https://ie.linkedin.com/jobs/view/general-manager-at-gosolar-ie-4424717910,General Manager,,scraped,2026-07-07T02:32:59.945585,
698ca390db583322,https://ie.linkedin.com/jobs/view/recruitment-partner-at-hays-4432380012,Recruitment Partner,,scraped,2026-07-07T02:33:07.017311,
3f53f994a5857c04,https://ie.linkedin.com/jobs/view/accommodation-assistant-at-the-fleet-hotel-4435776611,Accommodation Assistant,,scraped,2026-07-07T02:33:14.894251,
64291f63d2677d8a,https://ie.linkedin.com/jobs/view/staff-nurse-at-virtue-integrated-care-4434615085,Staff Nurse,,scraped,2026-07-07T02:33:21.390196,
2b330c5613e05e49,https://ie.linkedin.com/jobs/view/supervisor-at-costa-coffee-ireland-4435446628,Supervisor,,scraped,2026-07-07T02:33:28.910912,
8676d59650df21db,https://ie.linkedin.com/jobs/view/population-health-informaticist-at-alignerr-4435375051,Population Health Informaticist,,scraped,2026-07-07T02:33:36.046832,
00ea9aaf1417d796,https://ie.linkedin.com/jobs/view/site-services-engineer-at-cel-critical-power-4435186319,Site Services Engineer,,scraped,2026-07-07T02:33:43.476201,
8a75e74332fd3900,https://ie.linkedin.com/jobs/view/mobile-health-and-safety-advisor-at-apleona-uk-4433945400,Mobile Health and Safety Advisor,,scraped,2026-07-07T02:33:52.510821,
363f5d87b7293491,https://ie.linkedin.com/jobs/view/supply-chain-inventory-analyst-at-qcs-staffing-4424893352,Supply Chain Inventory Analyst,,scraped,2026-07-07T02:33:59.452898,
00ff6dd41f46b989,https://ie.linkedin.com/jobs/view/marketing-lead-generation-executive-at-alkimii-4412100171,Marketing & Lead Generation Executive,,scraped,2026-07-07T02:34:06.069133,
64fc13b17ad405d5,https://ie.linkedin.com/jobs/view/packaging-graduate-at-keelings-4436214048,Packaging Graduate,,scraped,2026-07-07T02:34:13.222508,
45bd4f577e382692,https://ie.linkedin.com/jobs/view/full-time-sale-assistant-donnybrook-at-o-briens-wines-4434665628,Full Time Sale Assistant - Donnybrook,,scraped,2026-07-07T02:34:20.921018,
7cbba9dc09c28c6e,https://ie.linkedin.com/jobs/view/auto-electrician-galway-at-barna-recycling-4434310465,Auto Electrician Galway,,scraped,2026-07-07T02:34:28.104572,
3f75ec0332250459,https://ie.linkedin.com/jobs/view/marketing-pr-outreach-mentorship-at-jobgether-4435424670,Marketing & PR Outreach Mentorship,,scraped,2026-07-07T02:34:36.499119,
9b7044d1f9f691be,https://ie.linkedin.com/jobs/view/medical-science-liaison-msl-at-alignerr-4435366365,Medical Science Liaison (MSL),,scraped,2026-07-07T02:34:43.225836,
0a76df09e140fa98,https://ie.linkedin.com/jobs/view/financial-analyst-at-barclays-4431916111,Financial Analyst,,scraped,2026-07-07T02:35:18.216745,
828eb3c420a5c72c,https://ie.linkedin.com/jobs/view/hotel-night-porter-at-great-national-south-court-hotel-4436251231,Hotel Night Porter,,scraped,2026-07-07T02:35:25.255705,
23e7fb9dc23669af,https://ie.linkedin.com/jobs/view/mechanical-engineer-at-wgnstar-4434611220,Mechanical Engineer,,scraped,2026-07-07T02:35:32.713527,
52f8860544efb206,https://ie.linkedin.com/jobs/view/school-meals-worker-killinkere-ns-15502i-at-the-lunch-bag-4436242566,School Meals Worker - Killinkere NS 15502I,,scraped,2026-07-07T02:36:43.348234,
46dadecc89196ee2,https://ie.linkedin.com/jobs/view/demand-planner-at-primeline-group-4435259190,Demand Planner,,scraped,2026-07-07T02:36:52.920222,
a1e7c98fdc3f2f16,https://ie.linkedin.com/jobs/view/social-care-assistant-ballymoney-at-camphill-communities-of-ireland-4435214282,Social Care Assistant Ballymoney,,scraped,2026-07-07T02:37:00.526134,
16fe26db519fc98c,https://ie.linkedin.com/jobs/view/kitchen-porter-at-dalata-hotel-group-4432396443,Kitchen Porter,,scraped,2026-07-07T02:37:07.258378,
6b55ce78888824b6,https://ie.linkedin.com/jobs/view/cleaning-team-leader-full-time-at-mitie-4435250744,Cleaning Team Leader - Full time,,scraped,2026-07-07T02:37:16.089885,
6dd066d11f7d4a18,https://ie.linkedin.com/jobs/view/food-beverage-supervisor-at-the-montenotte-4435437906,Food & Beverage Supervisor,The Montenotte,posted,2026-07-07T02:37:33.869696,75
a6581c419a4443c4,https://ie.linkedin.com/jobs/view/credit-controller-at-wurth-ireland-ltd-4435469911,Credit Controller,,scraped,2026-07-07T02:37:36.499100,
4268b1e6d1dd60a4,https://ie.linkedin.com/jobs/view/heavy-goods-vehicle-mechanic-galway-at-esb-4437133332,"Heavy Goods Vehicle Mechanic, Galway",,scraped,2026-07-07T02:37:45.711042,
aaa40152530bfd69,https://ie.linkedin.com/jobs/view/junior-buyer-at-o-brien-fine-foods-4435458195,Junior Buyer,,scraped,2026-07-07T02:38:57.041787,
9e196d3d0980aee4,https://ie.linkedin.com/jobs/view/tmm-freight-planner-at-boc-uk-ireland-4379875043,TMM Freight Planner,,scraped,2026-07-07T02:39:06.251581,
7a099e90e6b4cbfa,https://ie.linkedin.com/jobs/view/foodhall-team-lead-at-avoca-ireland-4436092904,Foodhall Team Lead,,scraped,2026-07-07T02:39:13.972383,
4db17e0feed68c48,https://ie.linkedin.com/jobs/view/healthcare-assistant-at-connected-health-group-limited-4432344035,Healthcare Assistant,,scraped,2026-07-07T02:39:21.914339,
e80d22b0d69d2917,https://ie.linkedin.com/jobs/view/kitchen-assistant-ferbane-at-windmill-healthcare-group-4434676396,Kitchen Assistant - Ferbane,,scraped,2026-07-07T02:39:30.217339,
2565eba3402a5dd4,https://ie.linkedin.com/jobs/view/project-engineer-at-johnson-johnson-4434620838,Project Engineer,,scraped,2026-07-07T02:39:38.581504,
0aeac6dba4fa578c,https://ie.linkedin.com/jobs/view/maintenance-assistant-at-the-address-citywest-4435115018,Maintenance Assistant,,scraped,2026-07-07T02:41:25.827798,
1b7bc4dd03e360de,https://ie.linkedin.com/jobs/view/investment-analyst-credit-fund-at-fk-international-financial-search-and-selection-4436359864,Investment Analyst - Credit Fund,,scraped,2026-07-07T02:41:33.510550,
ee7313de696ab0ce,https://ie.linkedin.com/jobs/view/project-manager-at-barden-b-corp-4436368220,Project Manager,,scraped,2026-07-07T02:41:41.733322,
0c50e6bc1a019a2d,https://ie.linkedin.com/jobs/view/finance-executive-at-sculpted-by-aimee-4434980258,Finance Executive,,scraped,2026-07-07T02:41:50.823965,
5d422094c8015c04,https://ie.linkedin.com/jobs/view/junior-quantity-surveyor-at-allsite-staffing-4435224456,Junior Quantity Surveyor,,scraped,2026-07-07T02:43:01.771549,
0cadbf487a85dc04,https://ie.linkedin.com/jobs/view/supervisor-at-catalyx-4433116396,Supervisor,,scraped,2026-07-07T02:44:13.036993,
0e1861e47e552232,https://ie.linkedin.com/jobs/view/financial-accountant-at-elevate-partners-4430958152,Financial Accountant,,scraped,2026-07-07T02:44:20.943590,
4dda857582c2a412,https://ie.linkedin.com/jobs/view/deli-assistant-at-centra-4435255584,Deli Assistant,,scraped,2026-07-07T02:44:27.389651,
76137c42b942d335,https://ie.linkedin.com/jobs/view/consultant-payroll-delivery-at-the-coca-cola-company-4436105955,"Consultant, Payroll Delivery",,scraped,2026-07-07T02:44:35.046602,
8cfcc95362c823ec,https://ie.linkedin.com/jobs/view/store-manager-at-spar-ireland-4435789836,Store Manager,,scraped,2026-07-07T02:44:56.557881,
685b99e8779a0357,https://ie.linkedin.com/jobs/view/receptionist-at-the-metropole-hotel-cork-4435261068,Receptionist,,scraped,2026-07-07T02:45:03.565435,
2cd0ea1628585a43,https://ie.linkedin.com/jobs/view/mechanical-fitter-at-morgan-mckinley-4435470056,Mechanical Fitter,Morgan McKinley,posted,2026-07-07T02:45:21.836249,77
dc4e95564fac6e92,https://ie.linkedin.com/jobs/view/coordinator-scheduler-for-home-care-at-frs-recruitment-4432361829,Coordinator/Scheduler for Home Care,,scraped,2026-07-07T02:45:24.398329,
79fa8f336e88f149,https://ie.linkedin.com/jobs/view/evening-supervisor-at-centra-4435491087,Evening Supervisor,,scraped,2026-07-07T02:45:31.643676,
6ff4a81bb481e541,https://ie.linkedin.com/jobs/view/modern-benoni-1-d4-nf6-2-c4-nbd7-at-chessiverse-ab-4436426475,Modern Benoni: 1.d4 Nf6 2.c4......... Nbd7,,scraped,2026-07-07T02:45:39.325966,
718b3f1dece31db9,https://ie.linkedin.com/jobs/view/hse-advisor-at-bam-uk-ireland-4368826873,HSE Advisor,,scraped,2026-07-07T02:45:46.045797,
d5202445a153d779,https://ie.linkedin.com/jobs/view/learning-and-development-specialist-at-excel-recruitment-4436309191,Learning And Development Specialist,,scraped,2026-07-07T02:45:53.133882,
b7e6e6244ce2d58f,https://ie.linkedin.com/jobs/view/oncology-clinical-researcher-at-alignerr-4434903697,Oncology Clinical Researcher,Alignerr,posted,2026-07-07T02:46:05.920199,79
f118913b7a42d911,https://ie.linkedin.com/jobs/view/factory-manager-at-frs-recruitment-4435060445,Factory Manager,,scraped,2026-07-07T02:46:08.515911,
2a392c1e6cce0923,https://ie.linkedin.com/jobs/view/podiatrist-%E2%82%AC100k-sligo-relocate-to-dublin-at-spectrum-primary-care-4431905860,Podiatrist - €100K Sligo (relocate to Dublin),,scraped,2026-07-07T02:47:19.569501,
2421b6d0427c8e8a,https://ie.linkedin.com/jobs/view/head-of-warehousing-at-barden-b-corp-4437196051,Head of Warehousing,,scraped,2026-07-07T02:47:28.517487,
abfcb4f5a94f8abe,https://ie.linkedin.com/jobs/view/people-culture-manager-at-tullamore-court-hotel-4433927761,People & Culture Manager,,scraped,2026-07-07T02:47:38.045220,
e92d83183cd8d6b3,https://ie.linkedin.com/jobs/view/assistant-support-worker-at-nua-healthcare-services-4436036293,Assistant Support Worker,,scraped,2026-07-07T02:47:44.949217,
236e8541030d58fa,https://ie.linkedin.com/jobs/view/legal-pa-employment-at-lex-consultancy-recruitment-4427155851,Legal PA - Employment,,scraped,2026-07-07T02:47:51.703876,
086684578036498d,https://ie.linkedin.com/jobs/view/hr-generalist-at-alliance-medical-ireland-4435250739,HR Generalist,,scraped,2026-07-07T02:47:59.542057,
18a985c92ff3b81d,https://ie.linkedin.com/jobs/view/customer-assistant-permanent-25-30-hours-ferrybank-at-tesco-ireland-4435481648,Customer Assistant (Permanent 25 - 30 Hours) - Ferrybank,Tesco Ireland,posted,2026-07-07T02:48:19.518029,81
a933a420b0457b7d,https://ie.linkedin.com/jobs/view/health-and-safety-manager-at-rps-4426560788,Health and Safety Manager,,scraped,2026-07-07T02:48:22.310128,
2a4ce33778323dbe,https://ie.linkedin.com/jobs/view/workplace-specialist-at-eirgrid-group-4437409912,Workplace Specialist,,scraped,2026-07-07T02:48:28.824042,
f00d5498f88e1783,https://ie.linkedin.com/jobs/view/administrator-compliance-team-at-dovida-ireland-4434996625,Administrator - Compliance Team,,scraped,2026-07-07T02:49:39.870840,
312e768b32a25d93,https://ie.linkedin.com/jobs/view/quality-enhancement-and-training-officer-at-corlann-4436091937,Quality Enhancement and Training Officer,,scraped,2026-07-07T02:49:48.585735,
ae162a225fd068bf,https://ie.linkedin.com/jobs/view/m-e-coordinator-at-conack-4419479524,M&E Coordinator,,scraped,2026-07-07T02:50:59.784295,
c01b3b10775ea1ef,https://ie.linkedin.com/jobs/view/person-in-charge-kingscourt-co-cavan-at-the-talbot-group-4427731244,"Person In Charge - Kingscourt, Co. Cavan",,scraped,2026-07-07T02:52:11.175768,
551cc723fcae54db,https://ie.linkedin.com/jobs/view/maintenance-technician-at-wgnstar-4435262066,Maintenance Technician,,scraped,2026-07-07T02:52:18.813641,
627c70f874839169,https://ie.linkedin.com/jobs/view/skilled-general-operative-at-national-vehicle-distribution-4435472209,Skilled General Operative,,scraped,2026-07-07T02:52:25.702520,
78de225fa7be5cb7,https://ie.linkedin.com/jobs/view/electrical-estimator-at-instrotec-ltd-4422747484,Electrical Estimator,,scraped,2026-07-07T02:52:34.465566,
bbb9aca5b208c4bf,https://ie.linkedin.com/jobs/view/project-engineer-at-atlantach-technical-services-4430941420,Project Engineer,,scraped,2026-07-07T02:53:48.265871,
6ed33eaa0ef321b8,https://ie.linkedin.com/jobs/view/assistant-support-worker-at-nua-healthcare-services-4436040177,Assistant Support Worker,,scraped,2026-07-07T02:53:54.960483,
55000678d41b2987,https://ie.linkedin.com/jobs/view/assistant-brand-manager-fmcg-at-amicus-search-recruitment-4436374216,ASSISTANT BRAND MANAGER- FMCG,,scraped,2026-07-07T02:54:02.211706,
63bc72adeb30a41d,https://ie.linkedin.com/jobs/view/finance-assistant-at-ifac-ireland-4436101267,Finance Assistant,,scraped,2026-07-07T02:54:10.062258,
92a3d887d6049436,https://ie.linkedin.com/jobs/view/head-of-security-operations-at-jobgether-4435435184,Head of Security Operations,,scraped,2026-07-07T02:54:17.185607,
f0b25be856e1d77a,https://ie.linkedin.com/jobs/view/sales-assistant-at-centra-4435479471,Sales Assistant,,scraped,2026-07-07T02:54:23.689696,
685e93836e29d724,https://ie.linkedin.com/jobs/view/ai-operator-at-jobgether-4434617207,AI Operator,,scraped,2026-07-07T02:54:31.211418,
bf6304f80b2859a5,https://ie.linkedin.com/jobs/view/mechanical-engineer-at-per-international-4435811242,Mechanical Engineer,,scraped,2026-07-07T02:54:38.140640,
82e105cdbf46a4a6,https://ie.linkedin.com/jobs/view/care-assistant-residential-at-delta-centre-clg-4434397232,Care Assistant Residential,,scraped,2026-07-07T02:54:45.167758,
4b2b10b3dedd083b,https://ie.linkedin.com/jobs/view/manufacturing-engineer-at-epm-scientific-4437405591,Manufacturing Engineer,EPM Scientific,posted,2026-07-07T02:55:02.745609,83
dce4999cc9ec086a,https://ie.linkedin.com/jobs/view/social-care-worker-%E2%80%93-opportunities-across-ireland-at-kats-recruitment-4436109995,Social Care Worker – Opportunities Across Ireland,,scraped,2026-07-07T02:55:05.491091,
9cc9581b4c02ec6a,https://ie.linkedin.com/jobs/view/administrative-assistant-at-allegis-global-solutions-4435063197,Administrative Assistant,,scraped,2026-07-07T02:55:12.631292,
7adb84625d230e4c,https://ie.linkedin.com/jobs/view/assistant-support-worker-at-nua-healthcare-services-4436025811,Assistant Support Worker,,scraped,2026-07-07T02:55:20.579906,
178bdab949795cb9,https://ie.linkedin.com/jobs/view/customer-service-representative-at-consensus-cloud-solutions-4434644158,Customer Service Representative,,scraped,2026-07-07T02:56:31.201315,
434f89118b2e6946,https://ie.linkedin.com/jobs/view/interface-developer-intern-at-olive-tree-consulting-group-4435201882,Interface Developer Intern,,scraped,2026-07-07T02:56:39.113896,
592f7c6f26d2668d,https://ie.linkedin.com/jobs/view/basic-grade-vascular-physiologist-hr26195-at-st-vincent-s-university-hospital-4431224302,Basic Grade Vascular Physiologist - HR26195,,scraped,2026-07-07T02:56:46.527771,
ededb3c7eb67c0cb,https://ie.linkedin.com/jobs/view/graduate-environmental-consultant-dublin-at-rsk-ireland-ltd-4435209210,Graduate Environmental Consultant (Dublin),,scraped,2026-07-07T02:57:58.587694,
23e549cb70537bdf,https://ie.linkedin.com/jobs/view/company-secretarial-assistant-at-xeinadin-4395989202,Company Secretarial Assistant,,scraped,2026-07-07T02:59:10.877113,
56b1835bede309c3,https://ie.linkedin.com/jobs/view/quality-assurance-analyst-at-sterling-engineering-ltd-ireland-europe-4435111722,Quality Assurance Analyst,,scraped,2026-07-07T02:59:18.730953,
a4b1c11751355a88,https://ie.linkedin.com/jobs/view/part-qualified-accountant-or-qualified-accountant-at-airbus-4432721567,Part Qualified Accountant or Qualified Accountant,Airbus,posted,2026-07-07T02:59:34.870719,85
7808c3d5108c3e3f,https://ie.linkedin.com/jobs/view/supervisor-at-applegreen-4434614002,Supervisor,,scraped,2026-07-07T02:59:37.541258,
f8f524c724ba5524,https://ie.linkedin.com/jobs/view/join-our-team-healthcare-assistant-opportunity-%E2%80%93-tramore-at-bluebird-care-ireland-4434319246,Join Our Team: Healthcare Assistant Opportunity – Tramore,,scraped,2026-07-07T02:59:44.087879,
bbf4d4f5c4bb9f88,https://ie.linkedin.com/jobs/view/team-leader-at-costa-coffee-ireland-4435720142,Team Leader,,scraped,2026-07-07T02:59:52.014305,
f90631adfeb94fc9,https://ie.linkedin.com/jobs/view/client-onboarding-specialist-at-e-frontiers-4436761436,Client Onboarding Specialist,,scraped,2026-07-07T02:59:59.253691,
fc920763364c1d4b,https://ie.linkedin.com/jobs/view/school-meals-worker-stepaside-educate-together-ns-20401g-at-the-lunch-bag-4435241874,School Meals Worker - Stepaside Educate Together NS 20401G,,scraped,2026-07-07T03:00:09.703774,
9f050e2f1dc65d6e,https://ie.linkedin.com/jobs/view/marketing-associate-at-positive-carbon-4433704301,Marketing Associate,,scraped,2026-07-07T03:00:17.480513,
03eabf53ffbf69a8,https://ie.linkedin.com/jobs/view/entrepreneurship-instructor-ai-training-at-alignerr-4436444907,Entrepreneurship Instructor (AI Training),,scraped,2026-07-07T03:00:29.451991,
3ffacc0dc062428c,https://ie.linkedin.com/jobs/view/chief-people-officer-at-artemis-human-capital-4435441061,Chief People Officer,,scraped,2026-07-07T03:00:47.765699,
5fe8b4958ddb8bbd,https://ie.linkedin.com/jobs/view/logistics-execution-traineeship-program-at-adm-4421949305,Logistics & Execution Traineeship Program,,scraped,2026-07-07T03:00:55.388637,
a05dfec006da0c51,https://ie.linkedin.com/jobs/view/administrator-reception-grade-iii-ad0726-at-health-service-executive-4435824529,Administrator Reception Grade III AD0726,,scraped,2026-07-07T03:01:11.373596,
b257d9213e6c59c6,https://ie.linkedin.com/jobs/view/optometrist-at-specsavers-4436795850,Optometrist,,scraped,2026-07-07T03:01:18.853439,
3265dbf8452f5b60,https://ie.linkedin.com/jobs/view/trainee-optical-assistant-at-specsavers-4437494391,Trainee Optical Assistant,,scraped,2026-07-07T03:01:25.668820,
c58087b716343189,https://ie.linkedin.com/jobs/view/healthcare-assistant-at-connected-health-group-limited-4434604674,Healthcare Assistant,,scraped,2026-07-07T03:02:35.997911,
07a049e3d2566e68,https://ie.linkedin.com/jobs/view/foodhall-team-lead-at-avoca-ireland-4436207308,Foodhall Team Lead,,scraped,2026-07-07T03:02:44.308056,
522701cb1c63bc3b,https://ie.linkedin.com/jobs/view/assistant-support-worker-at-nua-healthcare-services-4436033396,Assistant Support Worker,,scraped,2026-07-07T03:02:51.648143,
d2904c47630edd6b,https://ie.linkedin.com/jobs/view/assistant-support-worker-at-nua-healthcare-services-4436037226,Assistant Support Worker,,scraped,2026-07-07T03:04:02.253951,
c4c7799f6bedcd24,https://ie.linkedin.com/jobs/view/healthcare-assistant-at-connected-health-group-limited-4432326695,Healthcare Assistant,,scraped,2026-07-07T03:04:09.108305,
755a2ebab5d505d3,https://ie.linkedin.com/jobs/view/dutch-defence-1-d4-f5-2-c4-be7-at-chessiverse-ab-4436432370,Dutch Defence: 1.d4 f5 2.c4......... Be7,,scraped,2026-07-07T03:04:17.393390,
62caf0daa4174356,https://ie.linkedin.com/jobs/view/estates-manager-clinical-engineering-medical-devices-nrs15404-at-health-service-executive-4432772137,Estates Manager Clinical Engineering & Medical Devices NRS15404,,scraped,2026-07-07T03:04:23.724462,
945dbecef274b62e,https://www.linkedin.com/jobs/view/1265/,Retained Search Professional with C-Level Experience,Accolo,posted,2026-07-07T03:05:41.085324,87
5fafae347db2e3dc,https://ie.linkedin.com/jobs/view/trainee-optical-assistant-at-specsavers-4436799854,Trainee Optical Assistant,,scraped,2026-07-07T03:05:43.676736,
aee626c5a327abab,https://ie.linkedin.com/jobs/view/breakfast-chef-2-days-per-week-at-the-house-hotel-4436001212,Breakfast Chef ( 2 days Per Week),,scraped,2026-07-07T03:06:54.443637,
c0056d35466077de,https://ie.linkedin.com/jobs/view/customer-success-manager-at-viclarity-europe-4434653713,Customer Success Manager,,scraped,2026-07-07T03:07:01.433136,
f92c1e28ddd22d99,https://ie.linkedin.com/jobs/view/graduate-recruitment-consultant-at-global-professional-consultants-4436075795,Graduate Recruitment Consultant,,scraped,2026-07-07T03:07:08.803115,
3ec95822e7b53edd,https://ie.linkedin.com/jobs/view/general-laboratory-assistant-at-als-4423686006,General Laboratory Assistant,,scraped,2026-07-07T03:07:16.802952,
3d317ebbe225bce3,https://ie.linkedin.com/jobs/view/emea-payroll-analyst-at-meta-4423610456,EMEA Payroll Analyst,,scraped,2026-07-07T03:07:23.867357,
595e47b77f38acf9,https://ie.linkedin.com/jobs/view/payroll-specialist-at-waystone-4437446467,Payroll Specialist,,scraped,2026-07-07T03:07:39.885597,
400efbfa099354a7,https://ie.linkedin.com/jobs/view/restaurant-manager-at-dalata-hotel-group-4433985645,Restaurant Manager,,scraped,2026-07-07T03:07:46.721453,
22ad456043ac0faf,https://ie.linkedin.com/jobs/view/trainee-telecoms-installer-at-mpi-limited-4435816735,Trainee Telecoms Installer,,scraped,2026-07-07T03:08:59.286970,
0d373bafad8eb29c,https://ie.linkedin.com/jobs/view/financial-controller-at-morgan-mckinley-4436238869,Financial Controller,Morgan McKinley,posted,2026-07-07T03:09:16.007077,89
35c458e14a1102ec,https://ie.linkedin.com/jobs/view/customer-engagement-manager-at-fruition-group-ireland-4436068951,Customer Engagement Manager,,scraped,2026-07-07T03:09:18.710999,
12d05d317bcc579b,https://ie.linkedin.com/jobs/view/project-planner-at-harry-walsh-associates-ltd-4437182183,Project Planner,,scraped,2026-07-07T03:09:26.251100,
f0e66c2a06633351,https://ie.linkedin.com/jobs/view/housekeeping-laundry-assistant-at-curam-care-homes-4435259245,Housekeeping & Laundry Assistant,,scraped,2026-07-07T03:09:36.535929,
4650e119f453a94c,https://ie.linkedin.com/jobs/view/director-chief-of-staff-gtm-emea-latam-at-netapp-4431982176,"Director, Chief of Staff - GTM EMEA & LATAM",NetApp,posted,2026-07-07T03:09:56.700883,91
2a4466fcfcc1adbb,https://ie.linkedin.com/jobs/view/cleaning-operative-at-apleona-ireland-4436213041,Cleaning Operative,,scraped,2026-07-07T03:09:59.589309,
cf292147995ba69b,https://ie.linkedin.com/jobs/view/human-resources-generalist-at-re-work-4436991839,Human Resources Generalist,,scraped,2026-07-07T03:10:06.784899,
2810a9381ad15105,https://ie.linkedin.com/jobs/view/legal-administrator-at-search-talent-4434984854,Legal Administrator,,scraped,2026-07-07T03:10:14.041496,
5ca035b8327ad0a8,https://ie.linkedin.com/jobs/view/lobby-assistant-full-time-at-junction-14-mayfield-4435460012,Lobby Assistant- Full Time,,scraped,2026-07-07T03:10:22.147200,
5f5a2b10c3b8a661,https://ie.linkedin.com/jobs/view/compliance-analyst-at-paymentology-4436355117,Compliance Analyst,,scraped,2026-07-07T03:10:33.864391,
6c6987001228e9a2,https://ie.linkedin.com/jobs/view/ehs-administrator-at-collins-mcnicholas-recruitment-hr-services-group-4435522615,EHS Administrator,,scraped,2026-07-07T03:10:41.176505,
f4c36565d1fa4863,https://ie.linkedin.com/jobs/view/it-compliance-specialist-at-oxford-global-resources-4435535357,IT Compliance Specialist,,scraped,2026-07-07T03:10:49.022499,
82e765d53814fb9d,https://ie.linkedin.com/jobs/view/pharmacy-technician-at-mater-misericordiae-university-hospital-4435717267,Pharmacy Technician,Mater Misericordiae University Hospital,posted,2026-07-07T03:11:15.771680,93
dda456f36ecadce1,https://ie.linkedin.com/jobs/view/hotel-reservations-agent-at-grand-hotel-malahide-4434316199,Hotel Reservations Agent,,scraped,2026-07-07T03:11:18.558440,
2855dc45e21970d4,https://ie.linkedin.com/jobs/view/catering-assistant-at-virtue-integrated-care-4435455234,Catering Assistant,,scraped,2026-07-07T03:11:26.507070,
e51398712ffca88a,https://ie.linkedin.com/jobs/view/customer-assistant-castleblayney-at-lidl-ireland-4432769934,Customer Assistant - Castleblayney,,scraped,2026-07-07T03:11:34.379523,
d694ac886f11330a,https://ie.linkedin.com/jobs/view/project-manager-galway-at-quinn-downes-group-4435427665,Project Manager (Galway),,scraped,2026-07-07T03:11:42.560095,
baf5451bb3781263,https://ie.linkedin.com/jobs/view/sales-advisor-at-lkq-uk-and-ireland-4436709196,Sales Advisor,,scraped,2026-07-07T03:11:48.946511,
16625d34d7241d53,https://ie.linkedin.com/jobs/view/project-manager-at-mace-4427090604,Project Manager,Mace,posted,2026-07-07T03:13:30.332303,95
cd1a56ccf9552772,https://ie.linkedin.com/jobs/view/design-manager-at-john-sisk-son-ltd-4433990942,Design Manager,,scraped,2026-07-07T03:13:33.008131,
34d0de37f0773c6b,https://ie.linkedin.com/jobs/view/social-care-worker-residential-care-worker-at-odyssey-social-care-4436434195,Social Care Worker/Residential Care Worker,,scraped,2026-07-07T03:13:42.005168,
132fb28912150749,https://ie.linkedin.com/jobs/view/sales-manager-at-the-address-sligo-4436325213,Sales Manager,,scraped,2026-07-07T03:13:50.479228,
5582565cbc181e52,https://ie.linkedin.com/jobs/view/parts-advisor-at-audi-centre-4418199435,Parts Advisor,Audi Centre,posted,2026-07-07T03:14:08.480961,97
b5e79014621abc62,https://ie.linkedin.com/jobs/view/social-care-worker-residential-care-worker-at-odyssey-social-care-4435798496,Social Care Worker/Residential Care Worker,,scraped,2026-07-07T03:14:11.155089,
41c3e1659cad0f23,https://ie.linkedin.com/jobs/view/tool-plant-supervisor-at-mercury-4416720297,Tool & Plant Supervisor,,scraped,2026-07-07T03:14:19.168304,
db46436ffe1f365b,https://ie.linkedin.com/jobs/view/senior-mechanical-estimator-at-glanua-4328890150,Senior Mechanical Estimator,,scraped,2026-07-07T03:14:25.856856,
538f462a64e7634f,https://ie.linkedin.com/jobs/view/social-care-worker-the-bridge-at-camphill-communities-of-ireland-4434612223,Social Care Worker The Bridge,,scraped,2026-07-07T03:14:34.221506,
32e6c2b6fc5eec6a,https://ie.linkedin.com/jobs/view/repair-maintenance-technician-at-wgnstar-4435252589,Repair & Maintenance Technician,,scraped,2026-07-07T03:14:40.541395,
8a049ba5ccfec7cb,https://ie.linkedin.com/jobs/view/health-and-safety-officer-at-careerwise-recruitment-4436362055,Health And Safety Officer,,scraped,2026-07-07T03:14:47.310217,
bac05338ebcd29e1,https://ie.linkedin.com/jobs/view/reservations-agent-at-the-heritage-4435474703,Reservations Agent,The Heritage,posted,2026-07-07T03:15:05.606387,99
d84a40795a091fe5,https://ie.linkedin.com/jobs/view/customer-assistant-castlerea-at-lidl-ireland-4433973874,Customer Assistant - Castlerea,,scraped,2026-07-07T03:15:08.345603,
e34bc0a7571e799c,https://ie.linkedin.com/jobs/view/analyst-supply-chain-at-microchip-technology-inc-4437159734,Analyst - Supply Chain,Microchip Technology Inc.,posted,2026-07-07T03:15:27.325634,101
8195329b2c219c7d,https://ie.linkedin.com/jobs/view/store-manager-newbridge-full-time-39hr-at-pandora-4425312004,"Store Manager - Newbridge (Full-Time, 39hr)",,scraped,2026-07-07T03:15:30.005193,
2a99dd203cb9ebad,https://ie.linkedin.com/jobs/view/devops-lead-at-efor-4436206652,DevOps Lead,,scraped,2026-07-07T03:15:36.906510,
0e822b2a31f4d64a,https://ie.linkedin.com/jobs/view/land-surveyor-at-elusav-recruitment-4432367159,Land Surveyor,,scraped,2026-07-07T03:15:44.698820,
47df89e52ab62614,https://ie.linkedin.com/jobs/view/site-manager-lough-egish-at-tirl%C3%A1n-4437188399,Site Manager - Lough Egish,,scraped,2026-07-07T03:15:51.491535,
99400312fc691dcd,https://ie.linkedin.com/jobs/view/healthcare-assistant-at-be-independent-home-care-ltd-4435255348,Healthcare Assistant,,scraped,2026-07-07T03:15:58.584860,
3ae43eb8476df2aa,https://ie.linkedin.com/jobs/view/technical-officer-ucd-school-of-biology-and-environmental-at-university-college-dublin-4435532769,"Technical Officer, UCD School of Biology and Environmental",University College Dublin,posted,2026-07-07T03:16:14.957390,103
719423d08841cfd7,https://ie.linkedin.com/jobs/view/process-safety-expert-1-at-merck-life-science-4388102203,Process Safety Expert 1,Merck Life Science,posted,2026-07-07T03:17:03.783217,105
b00c828a9f9e468d,https://ie.linkedin.com/jobs/view/warehouse-supervisor-split-shift-at-dhl-express-4435826018,Warehouse Supervisor Split Shift,DHL Express,posted,2026-07-07T03:17:18.771449,107
67f5529088421201,https://ie.linkedin.com/jobs/view/histology-technical-lead-biomedical-scientist-at-nhs-ayrshire-arran-4434943898,Histology Technical Lead Biomedical Scientist,,scraped,2026-07-07T03:17:21.681000,
4982c4643c6b0958,https://ie.linkedin.com/jobs/view/kyc-analyst-at-albany-beck-4437176181,KYC Analyst,,scraped,2026-07-07T03:17:29.630096,
b16f3c1de750b32b,https://ie.linkedin.com/jobs/view/social-care-worker-day-and-residential-services-100397-at-hse-workplace-health-wellbeing-4436027343,Social Care Worker Day and Residential Services 100397,,scraped,2026-07-07T03:17:37.510309,
b14342f35745c192,https://ie.linkedin.com/jobs/view/social-care-worker-at-enable-ireland-4435711347,Social Care Worker,,scraped,2026-07-07T03:17:44.372860,
debd0199a67d1b50,https://ie.linkedin.com/jobs/view/credit-controller-at-greenstar-4434694058,Credit Controller,Greenstar,posted,2026-07-07T03:18:01.184688,109
f723c8afe2271c70,https://ie.linkedin.com/jobs/view/hotel-manager-night-at-talbot-hotel-stillorgan-4434322231,Hotel Manager (Night),Talbot Hotel Stillorgan,posted,2026-07-07T03:18:16.924567,111
534bd64e4a18dbe1,https://ie.linkedin.com/jobs/view/cloud-products-for-non-profits-support-specialist-at-jobgether-4435471130,Cloud Products for Non-Profits Support Specialist,,scraped,2026-07-07T03:18:19.624215,
6719455bc2c8836f,https://ie.linkedin.com/jobs/view/healthcare-assistant-at-connected-health-group-limited-4434611223,Healthcare Assistant,,scraped,2026-07-07T03:18:26.049810,
d4652bd1fc9ea449,https://ie.linkedin.com/jobs/view/information-outreach-coordinator-%E2%80%93-migration-programmes-at-irish-red-cross-4431956817,Information Outreach Coordinator – Migration Programmes,,scraped,2026-07-07T03:18:34.180616,
431037151d6ecff7,https://ie.linkedin.com/jobs/view/senior-recruiter-at-zexter-4436236833,Senior Recruiter,,scraped,2026-07-07T03:18:41.709260,
186504b229cf7c65,https://ie.linkedin.com/jobs/view/project-manager-at-strive-search-4432371167,Project Manager,STRIVE Search,posted,2026-07-07T03:18:55.151911,95
ac3e5adc388286c1,https://ie.linkedin.com/jobs/view/trainee-manager-at-centra-4435270036,Trainee Manager,,scraped,2026-07-07T03:18:57.884492,
8be8512c88a15798,https://ie.linkedin.com/jobs/view/hr-generalist-at-decotek-automotive-limited-4435444799,HR Generalist,,scraped,2026-07-07T03:19:05.274741,
1d949dbfa7b864ff,https://ie.linkedin.com/jobs/view/quality-manager-at-o-brien-fine-foods-4436214049,Quality Manager,,scraped,2026-07-07T03:19:19.376375,
eb49bfeeecfaace6,https://ie.linkedin.com/jobs/view/site-manager-foreman-at-kwik-rc-frames-4433952163,Site Manager / Foreman,,scraped,2026-07-07T03:19:28.576083,
10cb270b99436b37,https://ie.linkedin.com/jobs/view/graduate-engineer-drogheda-at-eps-group-4434359160,Graduate Engineer - Drogheda,,scraped,2026-07-07T03:19:35.894528,
56e3ae8f5aaf35b1,https://ie.linkedin.com/jobs/view/nq-financial-accountant-at-darwin-hawkins-4435165806,NQ Financial Accountant,,scraped,2026-07-07T03:19:42.729930,
3a12ef2bf4eff2fb,https://ie.linkedin.com/jobs/view/store-manager-at-centra-4435491088,Store Manager,,scraped,2026-07-07T03:19:51.037008,
3569c34c2db77a5d,https://ie.linkedin.com/jobs/view/sales-development-representative-at-prc-recruitment-4436717014,Sales Development Representative,,scraped,2026-07-07T03:19:58.586540,
ba19497018b3f03a,https://ie.linkedin.com/jobs/view/product-owner-at-glass-lewis-co-4433180749,Product Owner,,scraped,2026-07-07T03:20:05.888192,
9454a75e80c3aea8,https://ie.linkedin.com/jobs/view/engineering-maintenance-manager-at-rpg-recruitment-4435064166,Engineering Maintenance Manager,,scraped,2026-07-07T03:20:12.984125,
55918d06cfdd8d66,https://ie.linkedin.com/jobs/view/sales-%E2%82%AC30k-%E2%82%AC60k-salary-%2B-commission-at-tangent-4436700584,Sales €30k-€60k salary + commission,,scraped,2026-07-07T03:20:21.436599,
669d05410f40ba5e,https://ie.linkedin.com/jobs/view/pharmaceutical-technician-teicneoir-c%C3%B3gais%C3%ADochta-staff-grade-galway-university-hospitals-and-roscommon-university-hospital-pt2026-at-hse-workplace-health-wellbeing-4436025487,"Pharmaceutical Technician Teicneoir Cógaisíochta, Staff Grade, Galway University Hospitals and Roscommon University Hospital PT2026",,scraped,2026-07-07T03:20:28.058038,
31eb7f47e8bf1d5d,https://ie.linkedin.com/jobs/view/production-manager-evening-shift-at-oakpark-foods-4433109001,Production Manager (Evening Shift),,scraped,2026-07-07T03:20:34.985876,
f7d5289d1570e451,https://ie.linkedin.com/jobs/view/insurance-broker-at-match-recruitment-4436356766,Insurance Broker,,scraped,2026-07-07T03:20:43.643234,
9cc09296f9fac0dc,https://ie.linkedin.com/jobs/view/technician-at-rehab-enterprises-4437496848,Technician,,scraped,2026-07-07T03:20:50.282194,
a363ad02cd6e7164,https://ie.linkedin.com/jobs/view/warehouse-operator-at-ntron-gas-measurement-4433179491,Warehouse Operator,,scraped,2026-07-07T03:20:57.989121,
efd78cc30859c6dc,https://ie.linkedin.com/jobs/view/hiring-now%21-entry-level-english-teacher-esl-no-experience-needed-at-english-1-4437161134,Hiring now! Entry-Level English Teacher (ESL) | No Experience Needed,,scraped,2026-07-07T03:21:05.284980,
cb64692ff77e0662,https://ie.linkedin.com/jobs/view/ar-credit-analyst-1-at-crane-company-4434611435,AR Credit Analyst-1,,scraped,2026-07-07T03:21:12.334992,
7df6a55c25ebe123,https://ie.linkedin.com/jobs/view/front-office-administrator-at-hid-4433901554,Front Office Administrator,HID,posted,2026-07-07T03:21:48.580854,113
12dcec86b8c03009,https://ie.linkedin.com/jobs/view/operations-quality-administrator-at-occupli-4436098843,Operations & Quality Administrator,,scraped,2026-07-07T03:21:51.304702,
d43eaaed0d890c38,https://ie.linkedin.com/jobs/view/social-care-worker-adult-disability-kildare-at-orange-recruitment-4437175275,Social Care Worker Adult Disability Kildare,Orange Recruitment,posted,2026-07-07T03:22:12.454777,115
e39960a3ddcfe614,https://ie.linkedin.com/jobs/view/knowledge-manager-ai-systems-at-electronic-arts-ea-4425326263,Knowledge Manager - AI Systems,,scraped,2026-07-07T03:22:15.293785,
b56b0c0c56051374,https://ie.linkedin.com/jobs/view/grade-v-fed-at-the-national-maternity-hospital-4435439821,Grade V FED,,scraped,2026-07-07T03:22:29.565692,
32cc38a98bc85ab4,https://ie.linkedin.com/jobs/view/swim-coordinator-at-aura-holohan-group-4434612194,Swim Coordinator,Aura Holohan Group,posted,2026-07-07T03:22:46.954750,117
f3c227c527b94000,https://ie.linkedin.com/jobs/view/full-time-experienced-health-care-assistant-at-evergreen-care-4436214292,Full Time Experienced Health Care Assistant,,scraped,2026-07-07T03:22:49.605004,
d1fd2a7fe49f6d02,https://ie.linkedin.com/jobs/view/marketing-consultant-at-upward-pathway-scott-pozil-4433936061,Marketing Consultant,,scraped,2026-07-07T03:23:00.563701,
2d5cb508f6976267,https://ie.linkedin.com/jobs/view/ai-data-data-governance-senior-manager-at-ey-4385073718,AI & Data - Data Governance - Senior Manager,EY,posted,2026-07-07T03:23:15.531917,119
1b3f1dd40396cf95,https://ie.linkedin.com/jobs/view/trust-safety-new-associate-yttns-ve-hebrew-cl13-at-accenture-uk-ireland-4435456948,Trust & Safety New Associate - YTTNS - VE - Hebrew CL13,,scraped,2026-07-07T03:23:18.134812,
063e33ea65677f0e,https://ie.linkedin.com/jobs/view/childcare-practitioners-milltown-dublin-6-at-busy-bees-nurseries-4435315079,"Childcare Practitioners, Milltown, Dublin 6",,scraped,2026-07-07T03:23:25.155450,
69704317757bfca2,https://ie.linkedin.com/jobs/view/customer-assistant-westport-at-lidl-ireland-4432770916,Customer Assistant - Westport,,scraped,2026-07-07T03:23:33.144198,
6c97182f8e979e2b,https://ie.linkedin.com/jobs/view/health-safety-manager-at-john-sisk-son-ltd-4398617530,Health & Safety Manager,,scraped,2026-07-07T03:23:41.291147,
91018f7726dc1499,https://ie.linkedin.com/jobs/view/corlann-service-coordinator-disability-100440-at-health-service-executive-4433937212,Corlann Service Coordinator disability 100440,,scraped,2026-07-07T03:23:49.901791,
c657f56e5550aa24,https://ie.linkedin.com/jobs/view/meica-project-manager-at-glanua-4406207384,MEICA Project Manager,,scraped,2026-07-07T03:23:56.431847,
2766e736f9d038b5,https://ie.linkedin.com/jobs/view/healthcare-assistant-rapid-response-at-connected-health-group-limited-4432342347,Healthcare Assistant - Rapid Response,,scraped,2026-07-07T03:24:04.643940,
fce21261fdfba8fb,https://ie.linkedin.com/jobs/view/healthcare-supervisor-at-connected-health-group-limited-4435469910,Healthcare Supervisor,,scraped,2026-07-07T03:24:12.707385,
0fda6887c622f44f,https://ie.linkedin.com/jobs/view/childcare-practitioners-adamstown-lucan-co-dublin-at-busy-bees-nurseries-4435308631,"Childcare Practitioners, Adamstown, Lucan, Co. Dublin",,scraped,2026-07-07T03:24:20.762059,
74ea7a9e18fdbad9,https://ie.linkedin.com/jobs/view/customer-assistant-midleton-at-lidl-ireland-4433947656,Customer Assistant - Midleton,,scraped,2026-07-07T03:24:27.902839,
48f362a3664c4e12,https://ie.linkedin.com/jobs/view/social-care-worker-residential-care-worker-at-odyssey-social-care-4434617284,Social Care Worker/Residential Care Worker,,scraped,2026-07-07T03:24:35.531581,
